region_id_2012,rgn_id_2013,rgn_nam_2013,rgn_key_2013,eez_iso3,rgn_typ
1,1,Cocos (Keeling) Islands,CC,CCK,ohi_region
2,94,Heard Island and McDonald Islands,HM,HMD,ohi_region
5,7,British Solomon Islands,SB,SLB,ohi_region
7,9,Federated State of Micronesia,FM,FSM,ohi_region
7,9,"Micronesia, FS",FM,FSM,ohi_region
7,9,Micronesia (Fed. States of),FM,FSM,ohi_region
7,9,Micronesia (Federated States of),FM,FSM,ohi_region
7,9,Micronesia Federated States of,FM,FSM,ohi_region
7,9,"Micronesia, Fed. States of",FM,FSM,ohi_region
7,9,"Micronesia, Fed. Sts.",FM,FSM,ohi_region
7,9,"Micronesia, Fed.States of",FM,FSM,ohi_region
7,9,"Micronesia, Federated States of",FM,FSM,ohi_region
10,14,"China, Taiwan Province of",TW,TWN,ohi_region
10,14,Taiwan (China),TW,TWN,ohi_region
10,14,Taiwan Province of China,TW,TWN,ohi_region
10,14,"Taiwan, China",TW,TWN,ohi_region
10,14,"Taiwan, Province of China",TW,TWN,ohi_region
14,18,"Fiji, Republic of",FJ,FJI,ohi_region
16,21,Democratic People's Republic of Korea,KP,PRK,ohi_region
16,21,"Korea, Dem. People's Rep",KP,PRK,ohi_region
16,21,"Korea, Dem. People's Rep. of",KP,PRK,ohi_region
16,21,"Korea, Dem. Rep.",KP,PRK,ohi_region
16,21,"Korea, Democratic People's Republic of",KP,PRK,ohi_region
16,20,"Korea, South",KR,KOR,ohi_region
17,21,Korea (North),KP,PRK,ohi_region
17,20,Korea Republic of,KR,KOR,ohi_region
17,21,"Korea, North",KP,PRK,ohi_region
17,20,"Korea, Rep.",KR,KOR,ohi_region
17,20,"Korea, Republic of",KR,KOR,ohi_region
17,20,Republic of Korea,KR,KOR,ohi_region
20,28,Comoros,KM,COM,ohi_region
21,32,R_union,RE,REU,ohi_region
21,32,Reunion,RE,REU,ohi_region
23,37,British Indian Ocean Territory (Chagos Archipelago),MU,MUS,ohi_region
25,39,"Maldives, Republic of",MV,MDV,ohi_region
28,42,Madagasca,MG,MDG,ohi_region
33,47,"Yemen, Rep.",YE,YEM,ohi_region
35,49,Sudan (former),SD,SDN,ohi_region
41,56,Cabo Verde,CV,CPV,ohi_region
45,62,Morocco (includes Western Sahara),MA,MAR,ohi_region
48,65,"Gambia, The",GM,GMB,ohi_region
48,65,The Gambia,GM,GMB,ohi_region
50,67,Libyan Arab Jamahiriya,LY,LBY,ohi_region
56,73,Russian Federation,RU,RUS,ohi_region
56,73,Russian Federation (before 9.91: USSR),RU,RUS,ohi_region
56,73,Un. Sov. Soc. Rep.,RU,RUS,ohi_region
60,77,Syrian Arab Republic,SY,SYR,ohi_region
68,95,Falkland Is.(Malvinas),FK,FLK,ohi_region
68,95,Falkland Islands (Islas Malvinas),FK,FLK,ohi_region
68,95,Falkland Islands (Malvinas),FK,FLK,ohi_region
68,89,South Georgia and South Sandwich Islands,GS,SGS,ohi_region
73,100,Congo,CG,COG,ohi_region
73,100,"Congo, R_publique du",CG,COG,ohi_region
73,100,"Congo, Rep.",CG,COG,ohi_region
73,100,"Congo, Republic of",CG,COG,ohi_region
73,100,"Congo, Republic of the",CG,COG,ohi_region
73,100,R_publique du Congo,CG,COG,ohi_region
80,110,Bahamas (The),BS,BHS,ohi_region
80,110,"Bahamas, The",BS,BHS,ohi_region
80,110,The Bahamas,BS,BHS,ohi_region
83,123,Commonwealth of Dominica,DM,DOM,ohi_region
84,116,Puerto Rico,PR,PRI,ohi_region
84,116,United States Virgin Islands,PR,PRI,ohi_region
84,116,US Virgin Islands,PR,PRI,ohi_region
84,116,Virgin Islands,PR,PRI,ohi_region
84,116,Virgin Islands (U.S.),PR,PRI,ohi_region
84,116,Virgin Islands (US),PR,PRI,ohi_region
84,116,"Virgin Islands, U.S.",PR,PRI,ohi_region
85,111,Turks and Caicos Is.,TC,TCA,ohi_region
85,117,UK Virgin Islands,VG,VGB,ohi_region
85,117,Virgin Islands (British),VG,VGB,ohi_region
85,117,"Virgin Islands, British",VG,VGB,ohi_region
86,119,Saint Kitts &amp Nevis,KN,KNA,ohi_region
86,119,St Kitts and Nevis,KN,KNA,ohi_region
86,119,St. Kitts & Nevis,KN,KNA,ohi_region
86,119,St. Kitts and Nevis,KN,KNA,ohi_region
88,122,St Lucia,LC,LCA,ohi_region
88,122,St. Lucia,LC,LCA,ohi_region
92,126,Trinidad & Tobago,TT,TTO,ohi_region
92,126,Trinidad &amp Tobago,TT,TTO,ohi_region
93,127,Saint Vincent &amp the Grenadines,VC,VCT,ohi_region
93,127,Saint Vincent/Grenadines,VC,VCT,ohi_region
93,127,St Vincent and the Grenadines,VC,VCT,ohi_region
93,127,St. Vincent & the Grenadines,VC,VCT,ohi_region
93,127,St.Vincent & Grenadines,VC,VCT,ohi_region
93,127,St. Vincent and The Grenadines,VC,VCT,ohi_region
93,127,St. Vincent and the Grenadines,VC,VCT,ohi_region
94,244,Curacao,CW,CUW,ohi_region
94,220,Saint Maarten (Dutch West Indies),SX,Southern Saint-Martin,ohi_region
94,249,Sint Eustasius,EQ,Sint-Eustasius,ohi_region
94,220,Sint Maarten,SX,Southern Saint-Martin,ohi_region
94,220,Sint Maarten (Dutch part),SX,Southern Saint-Martin,ohi_region
94,220,"Sint Maarten, Dutch West Indies",SX,Southern Saint-Martin,ohi_region
103,137,Ecuador,EC,ECU,ohi_region
103,137,Galapagos,EC,ECU,ohi_region
105,139,Venezuela (Bolivarian Republic of),VE,VEN,ohi_region
105,139,Venezuela Bolivarian Republic of,VE,VEN,ohi_region
105,139,"Venezuela, Boliv Rep of",VE,VEN,ohi_region
105,139,"Venezuela, Bolivarian Republic of",VE,VEN,ohi_region
105,139,"Venezuela, RB",VE,VEN,ohi_region
106,140,Guadeloupe,GX,Guadeloupe and Martinique,ohi_region
106,140,Martinique,GX,Guadeloupe and Martinique,ohi_region
106,221,Northern Saint Martin,MF,Saint Martin,ohi_region
106,221,Saint Martin,MF,Saint Martin,ohi_region
106,221,St. Martin (French part),MF,Saint Martin,ohi_region
108,146,Pitcairn Islands,PN,PCN,ohi_region
109,147,French Polynesia (Tuamotu),PF,PYF,ohi_region
109,161,Wallis and Futuna Islands,WF,WLF,ohi_region
111,13,Guam,MP,MNP,ohi_region
111,158,Howland Island,HB,Howland Island and Baker Island,ohi_region
111,13,N. Mariana Islands,MP,MNP,ohi_region
111,13,Northern Mariana Is.,MP,MNP,ohi_region
111,13,Northern Mariana Islands,MP,MNP,ohi_region
114,12,United States Minor Outlying Islands (Wake Is.),WI,Wake Island,ohi_region
116,163,United States of America,US,USA,ohi_region
119,167,British Guyana,GY,GUY,ohi_region
120,168,Surinam,SR,SUR,ohi_region
121,169,French Guyana,GF,GUF,ohi_region
122,171,Brazil,BR,BRA,ohi_region
122,171,Trinidade,BR,BRA,ohi_region
126,141,Faroe Islands,FO,FRO,ohi_region
131,180,UK,GB,GBR,ohi_region
131,180,United Kingdom of Great Britain and Northern Ireland,GB,GBR,ohi_region
137,186,Serbia and Montenegro,ME,SCG,ohi_region
142,191,Iran (Islamic Rep. of),IR,IRN,ohi_region
142,191,Iran (Islamic Republic of),IR,IRN,ohi_region
142,191,Iran Islamic Republic of,IR,IRN,ohi_region
142,191,"Iran, Islamic Rep.",IR,IRN,ohi_region
142,191,"Iran, Islamic Republic of",IR,IRN,ohi_region
144,193,Guinea-Bissau,GW,GNB,ohi_region
144,193,Guinea-bissau,GW,GNB,ohi_region
146,195,Cote d'Ivoire,CI,CIV,ohi_region
146,195,Cote d'ivorie,CI,CIV,ohi_region
150,199,"Congo, Dem. Rep.",CD,COD,ohi_region
150,199,"Congo, Dem. Rep. of the",CD,COD,ohi_region
150,199,"Congo, Democratic Republic",CD,COD,ohi_region
150,199,"Congo, Democratic Republic of the",CD,COD,ohi_region
150,199,"Congo, The Democratic Republic of the",CD,COD,ohi_region
150,199,Dem. Rep. Congo,CD,COD,ohi_region
150,199,"Congo, DR",CD,COD,ohi_region
150,199,Dem. Rep. of the Congo,CD,COD,ohi_region
150,199,Democratic Republic of Congo,CD,COD,ohi_region
150,199,Zaire,CD,COD,ohi_region
152,202,Tanzania United Republic of,TZ,TZA,ohi_region
152,202,Zanzibar,TZ,TZA,ohi_region
152,202,"Tanzania, United Rep. of",TZ,TZA,ohi_region
152,202,"Tanzania, United Republic of",TZ,TZA,ohi_region
152,202,United Rep. of Tanzania,TZ,TZA,ohi_region
152,202,United Republic of Tanzania,TZ,TZA,ohi_region
155,205,Burma,MM,MMR,ohi_region
157,207,Viet Nam,VN,VNM,ohi_region
159,209,"China, Hong Kong SAR",CN,CHN,ohi_region
159,209,"China, Macao SAR",CN,CHN,ohi_region
159,209,Hong Kong,CN,CHN,ohi_region
159,209,Hong Kong (China),CN,CHN,ohi_region
159,209,Hong Kong China (SAR),CN,CHN,ohi_region
159,209,Hong Kong SAR,CN,CHN,ohi_region
159,209,Hong Kong SAR China,CN,CHN,ohi_region
159,209,"Hong Kong SAR, China",CN,CHN,ohi_region
159,209,"China, mainland",CN,CHN,ohi_region
159,209,"Hong Kong, China (SAR)",CN,CHN,ohi_region
159,209,Macao,CN,CHN,ohi_region
159,209,Macao SAR China,CN,CHN,ohi_region
159,209,"Macao SAR, China",CN,CHN,ohi_region
159,209,Macau,CN,CHN,ohi_region
159,209,Macau (China),CN,CHN,ohi_region
159,209,"Macau, China",CN,CHN,ohi_region
159,209,Province of China,CN,CHN,ohi_region
163,214,"Egypt, Arab Rep.",EG,EGY,ohi_region
167,219,St Pierre and Miquelon,PM,SPM,ohi_region
167,219,St. Pierre and Miquelon,PM,SPM,ohi_region
169,144,Svalbard and Jan Mayen,SJ,SJM,ohi_region
170,224,Chile,CL,CHL,ohi_region
170,224,Easter Island,CL,CHL,ohi_region
171,231,Timor-leste,TL,TLS,ohi_region
171,231,Timor-Leste,TL,TLS,ohi_region
172,232,Bosnia Herzegovina,BA,BIH,ohi_region
94,245,Netherlands - Bonaire,BO,BQ,ohi_region
187,247,Brunei Darussalam,BN,BRN,ohi_region
,,Afghanistan,,,landlocked
,,Andorra,,,landlocked
,,Armenia,,,landlocked
,,Austria,,,landlocked
,255,Azerbaijan,,,landlocked
,,Belarus,,,landlocked
,,Bhutan,,,landlocked
,,Bolivia,,,landlocked
,,Bolivia (Plurinat.State),,,landlocked
,,Bolivia (Plurinational State of),,,landlocked
,,Bolivia Plurinational State of,,,landlocked
,,"Bolivia, Plurinational State of",,,landlocked
,,Botswana,,,landlocked
,,Burkina Faso,,,landlocked
,,Burundi,,,landlocked
,,Central African Republic,,,landlocked
,,Chad,,,landlocked
,,Czech Republic,,,landlocked
,,Czechoslovakia,,,landlocked
,255,"Disputed Territory (Paracel Is., Spratly Is.)",,,disputed
,,Ethiopia,,,landlocked
,,Ethiopia PDR,,,landlocked
,255,Gaza Strip,,,disputed
,,Holy See,,,landlocked
,,Holy See (Vatican City),,,landlocked
,,Holy See (Vatican),,,landlocked
,,Hungary,,,landlocked
,255,Kazachstan,,,landlocked
,255,Kazakhstan,,,landlocked
,,Kosovo,,,landlocked
,,Kyrgyz Republic,,,landlocked
,,Kyrgyzstan,,,landlocked
,,Lao PDR,,,landlocked
,,Lao People?s Democratic Republic,,,landlocked
,,Lao People's Dem. Rep.,,,landlocked
,,Lao People's Democratic Republic,,,landlocked
,,Laos,,,landlocked
,,Lesotho,,,landlocked
,,Liechtenstein,,,landlocked
,,Luxembourg,,,landlocked
,,Macedonia,,,landlocked
,,"Macedonia, Fmr Yug Rp of",,,landlocked
,,"Macedonia, FYR",,,landlocked
,,Malawi,,,landlocked
,,Mali,,,landlocked
,,Moldova,,,landlocked
,,Moldova Republic of,,,landlocked
,,"Moldova, Republic of",,,landlocked
,,Mongolia,,,landlocked
,,Nepal,,,landlocked
,,Niger,,,landlocked
,255,Occupied Palestinian Territory,,,disputed
,255,Occupied Palestinian territory,,,disputed
,255,Palestine State of,,,disputed
,255,"Palestine, Occupied Tr.",,,disputed
,255,Paracel Islands,,,disputed
,,Paraguay,,,landlocked
,,Republic of Moldova,,,landlocked
,,Rwanda,,,landlocked
,,San Marino,,,landlocked
,,Serbia,,,landlocked
,,Slovak Republic,,,landlocked
,,Slovakia,,,landlocked
,,South Sudan,,,landlocked
,255,Spratly Islands,,,disputed
,,Swaziland,,,landlocked
,,Switzerland,,,landlocked
,255,Tajikistan,,,landlocked
,,TFYR Macedonia,,,landlocked
,,TFYR of Macedonia,,,landlocked
,,The former Yugoslav Republic of Macedonia,,,landlocked
,,The Former Yugoslav Republic of Macedonia,,,landlocked
,,Total,,,largescale
,255,Turkmenistan,,,landlocked
,,Uganda,,,landlocked
,255,Uzbekistan,,,landlocked
,,Vatican,,,landlocked
,255,West Bank,,,disputed
,255,West Bank and Gaza,,,disputed
,,World,,,largescale
,,Zambia,,,landlocked
,,Zimbabwe,,,landlocked
73,100,"Congo, Republique du",CG,COG,ohi_region
